{
    "max_iter": 50,
    "ls_mb_size": [13, 36, 64],
    "ls_h_dim":[1023, 512, 256, 128, 64, 32, 16],
    "ls_marg": [0.5, 1, 1.5, 2, 2.5],
    "ls_lr": [0.5, 0.1, 0.05, 0.01, 0.001, 0.005, 0.0005, 0.0001,0.00005, 0.00001],
    "ls_epoch":[20, 50, 10, 15, 30, 40, 60, 70, 80, 90, 100],
    "ls_rate":[0.3, 0.4, 0.5, 0.6, 0.7, 0.8],
    "ls_wd": [0.01, 0.001, 0.1, 0.0001],
    "ls_lam": [0.1, 0.2, 0.3, 0.4, 0.5, 0.6]
}
