{
    "alpha": 0.5,
    "lambda": [0, 0.03448276, 0.06896552, 0.10344828, 0.13793103,
    0.17241379, 0.20689655, 0.24137931, 0.27586207, 0.31034483,
    0.34482759, 0.37931034, 0.4137931 , 0.44827586, 0.48275862,
    0.51724138, 0.55172414, 0.5862069 , 0.62068966, 0.65517241,
    0.68965517, 0.72413793, 0.75862069, 0.79310345, 0.82758621,
    0.86206897, 0.89655172, 0.93103448, 0.96551724, 1]
}
